timestamp,event_type,service_id,description,version
2026-03-01T00:00:00Z,deployment,api-gateway,Initial release of API Gateway routing policies,v1.2.0
2026-03-01T00:00:00Z,deployment,order-api,Production deployment of Order API core service,v2.3.4
2026-03-01T00:00:00Z,deployment,payment-service,Production deployment of Payment Service,v1.5.0
2026-03-01T00:00:00Z,deployment,recommendation-service,Production deployment of Recommendation Engine,v1.7.9
2026-03-01T00:00:00Z,deployment,notification-service,Production deployment of Notification Service,v1.1.2
2026-03-01T00:00:00Z,config_change,postgres-db,Configured connection pool max_connections=200,
2026-03-01T00:00:00Z,config_change,redis-cache,Configured maxmemory-policy allkeys-lru and cluster mode,
2026-03-01T00:00:00Z,config_change,object-storage,Standard storage tier enabled with 30-day lifecycle expiration,
2026-03-04T10:00:00Z,traffic_spike,api-gateway,Marketing flash sale campaign launched globally,
2026-03-04T10:00:00Z,traffic_spike,order-api,Surge in checkout and order placement endpoints,
2026-03-04T18:00:00Z,traffic_spike,order-api,Flash sale campaign concluded; traffic returning to normal baseline,
2026-03-06T02:00:00Z,deployment,recommendation-service,Deploy personalized recommendation feed with real-time similarity query,v1.8.0
2026-03-06T03:30:00Z,incident,postgres-db,Alert: Database CPU utilization exceeded 90% and IOPS burst balance depleted,
2026-03-06T14:00:00Z,deployment,recommendation-service,Rollback similarity query loop and restore cached precomputations,v1.8.1
2026-03-07T11:00:00Z,config_change,notification-service,Updated invoice PDF generator to attach high-resolution uncompressed assets,
2026-03-07T14:30:00Z,incident,notification-service,Alert: Network egress bandwidth exceeded 1.5 Gbps threshold,
2026-03-08T07:00:00Z,config_change,notification-service,Re-enabled PDF compression and S3 presigned asset caching,
2026-03-09T08:00:00Z,deployment,order-api,Release checkout optimization and inventory pre-fetch,v2.4.0
2026-03-09T13:00:00Z,incident,order-api,Alert: Memory consumption exceeded 85% across order-api task replicas,
2026-03-09T15:30:00Z,auto_scaling,order-api,HPA scaled order-api replicas from 4 to 24 due to pod OOMKilled restarts,
2026-03-09T20:00:00Z,deployment,order-api,Emergency hotfix rollback: Revert v2.4.0 checkout pre-fetch memory leak,v2.4.1
2026-03-10T04:00:00Z,config_change,order-api,Enable detailed JSON request/response payload audit logging to object storage,
2026-03-10T04:30:00Z,config_change,object-storage,Lifecycle policy temporarily disabled during audit compliance migration,
2026-03-11T10:00:00Z,traffic_spike,api-gateway,Regional flash promo surge in EU/US regions,
2026-03-11T10:15:00Z,incident,redis-cache,Redis node memory fragmentation and eviction thrashing causing connection resets,
2026-03-11T11:00:00Z,incident,postgres-db,Connection surge from cache misses; DB thread pool saturation,
2026-03-11T22:00:00Z,config_change,redis-cache,Flushed fragmented keys and increased Redis cluster node memory allocation,
2026-03-13T07:00:00Z,config_change,postgres-db,Scheduled routine database maintenance: autovacuum analyze and index rebuilding,
2026-03-13T08:30:00Z,incident,payment-service,Upstream third-party banking gateway latency degradation,
2026-03-13T14:00:00Z,incident,payment-service,Third-party payment gateway restored normal API response times,
2026-03-13T19:00:00Z,config_change,postgres-db,Scheduled database autovacuum completed successfully,
2026-03-14T12:00:00Z,incident,object-storage,Billing alert: Object storage bucket volume exceeded 10 TB threshold,
